income,0,1
$11-$25k,56872.44418345323,58398.945127388535
$25-$50k,78964.31669408739,64979.952946737685
>$50k,82070.02942857143,79412.27157258065
under $11k,40383.82826908023,47264.08019895038
