income,0,1
$11-$25k,33.47107438016529,66.52892561983471
$25-$50k,34.0734415029889,65.9265584970111
>$50k,34.285714285714285,65.71428571428571
under $11k,32.84051588549858,67.15948411450141
